2975021	tiananmen	200|image/jpeg	50615	https://images.pexels.com/photos/2975021/pexels-photo-2975021.jpeg?auto=compress&cs=tinysrgb&w=640
19031655	badaling	200|image/jpeg	40431	https://images.pexels.com/photos/19031655/pexels-photo-19031655.jpeg?auto=compress&cs=tinysrgb&w=640
8588837	xihu	200|image/jpeg	82167	https://images.pexels.com/photos/8588837/pexels-photo-8588837.jpeg?auto=compress&cs=tinysrgb&w=640
36535023	guilin	200|image/jpeg	57337	https://images.pexels.com/photos/36535023/pexels-photo-36535023.jpeg?auto=compress&cs=tinysrgb&w=640
16472051	bingmayong	200|image/jpeg	47082	https://images.pexels.com/photos/16472051/pexels-photo-16472051.jpeg?auto=compress&cs=tinysrgb&w=640
33231933	zhangjiajie	200|image/jpeg	43297	https://images.pexels.com/photos/33231933/pexels-photo-33231933.jpeg?auto=compress&cs=tinysrgb&w=640
11786636	weiduoliya	200|image/jpeg	30505	https://images.pexels.com/photos/11786636/pexels-photo-11786636.jpeg?auto=compress&cs=tinysrgb&w=640
25974825	mogao	200|image/jpeg	52627	https://images.pexels.com/photos/25974825/pexels-photo-25974825.jpeg?auto=compress&cs=tinysrgb&w=640
18549556	cn-北京-故宫博物院	200|image/jpeg	56762	https://images.pexels.com/photos/18549556/pexels-photo-18549556.jpeg?auto=compress&cs=tinysrgb&w=640
31582902	cn-安徽-黄山风景区	200|image/jpeg	69003	https://images.pexels.com/photos/31582902/pexels-photo-31582902.jpeg?auto=compress&cs=tinysrgb&w=640
35896164	cn-山东-泰山景区	200|image/jpeg	81350	https://images.pexels.com/photos/35896164/pexels-photo-35896164.jpeg?auto=compress&cs=tinysrgb&w=640
38399400	cn-四川-九寨沟景区	200|image/jpeg	56468	https://images.pexels.com/photos/38399400/pexels-photo-38399400.jpeg?auto=compress&cs=tinysrgb&w=640
38462384	cn-西藏-布达拉宫景区	200|image/jpeg	60769	https://images.pexels.com/photos/38462384/pexels-photo-38462384.jpeg?auto=compress&cs=tinysrgb&w=640
32416035	world-日本-富士山	200|image/jpeg	41827	https://images.pexels.com/photos/32416035/pexels-photo-32416035.jpeg?auto=compress&cs=tinysrgb&w=640
11105014	world-泰国-大皇宫	200|image/jpeg	67891	https://images.pexels.com/photos/11105014/pexels-photo-11105014.jpeg?auto=compress&cs=tinysrgb&w=640
11521892	world-印度-泰姬陵	200|image/jpeg	91380	https://images.pexels.com/photos/11521892/pexels-photo-11521892.jpeg?auto=compress&cs=tinysrgb&w=640
15890625	world-柬埔寨-吴哥窟	200|image/jpeg	29309	https://images.pexels.com/photos/15890625/pexels-photo-15890625.jpeg?auto=compress&cs=tinysrgb&w=640
34356770	world-印度尼西亚-巴厘岛	200|image/jpeg	60330	https://images.pexels.com/photos/34356770/pexels-photo-34356770.jpeg?auto=compress&cs=tinysrgb&w=640
38116437	world-越南-下龙湾	200|image/jpeg	43883	https://images.pexels.com/photos/38116437/pexels-photo-38116437.jpeg?auto=compress&cs=tinysrgb&w=640
12798654	world-尼泊尔-珠穆朗玛峰	200|image/jpeg	71364	https://images.pexels.com/photos/12798654/pexels-photo-12798654.jpeg?auto=compress&cs=tinysrgb&w=640
15997551	world-以色列-死海	200|image/jpeg	68579	https://images.pexels.com/photos/15997551/pexels-photo-15997551.jpeg?auto=compress&cs=tinysrgb&w=640
12240132	world-土耳其-圣索菲亚大教堂	200|image/jpeg	94231	https://images.pexels.com/photos/12240132/pexels-photo-12240132.jpeg?auto=compress&cs=tinysrgb&w=640
9896355	world-土耳其-卡帕多西亚	200|image/jpeg	68517	https://images.pexels.com/photos/9896355/pexels-photo-9896355.jpeg?auto=compress&cs=tinysrgb&w=640
19741511	world-阿联酋-哈利法塔	200|image/jpeg	76989	https://images.pexels.com/photos/19741511/pexels-photo-19741511.jpeg?auto=compress&cs=tinysrgb&w=640
18682567	world-约旦-佩特拉	200|image/jpeg	145388	https://images.pexels.com/photos/18682567/pexels-photo-18682567.jpeg?auto=compress&cs=tinysrgb&w=640
11299566	world-法国-埃菲尔铁塔	200|image/jpeg	83021	https://images.pexels.com/photos/11299566/pexels-photo-11299566.jpeg?auto=compress&cs=tinysrgb&w=640
25053918	world-法国-卢浮宫	200|image/jpeg	51684	https://images.pexels.com/photos/25053918/pexels-photo-25053918.jpeg?auto=compress&cs=tinysrgb&w=640
29877481	world-法国-凡尔赛宫	200|image/jpeg	52660	https://images.pexels.com/photos/29877481/pexels-photo-29877481.jpeg?auto=compress&cs=tinysrgb&w=640
33690624	world-法国-圣米歇尔山	200|image/jpeg	47647	https://images.pexels.com/photos/33690624/pexels-photo-33690624.jpeg?auto=compress&cs=tinysrgb&w=640
24186954	world-法国-巴黎圣母院	200|image/jpeg	133754	https://images.pexels.com/photos/24186954/pexels-photo-24186954.jpeg?auto=compress&cs=tinysrgb&w=640
29253512	world-英国-大本钟	200|image/jpeg	46256	https://images.pexels.com/photos/29253512/pexels-photo-29253512.jpeg?auto=compress&cs=tinysrgb&w=640
575410	world-英国-伦敦塔桥	200|image/jpeg	60799	https://images.pexels.com/photos/575410/pexels-photo-575410.jpeg?auto=compress&cs=tinysrgb&w=640
16333184	world-英国-白金汉宫	200|image/jpeg	48553	https://images.pexels.com/photos/16333184/pexels-photo-16333184.jpeg?auto=compress&cs=tinysrgb&w=640
27428517	world-意大利-罗马斗兽场	200|image/jpeg	178092	https://images.pexels.com/photos/27428517/pexels-photo-27428517.jpeg?auto=compress&cs=tinysrgb&w=640
15960848	world-意大利-比萨斜塔	200|image/jpeg	79587	https://images.pexels.com/photos/15960848/pexels-photo-15960848.jpeg?auto=compress&cs=tinysrgb&w=640
20068237	world-意大利-威尼斯	200|image/jpeg	117543	https://images.pexels.com/photos/20068237/pexels-photo-20068237.jpeg?auto=compress&cs=tinysrgb&w=640
29154973	world-意大利-圣彼得大教堂	200|image/jpeg	59164	https://images.pexels.com/photos/29154973/pexels-photo-29154973.jpeg?auto=compress&cs=tinysrgb&w=640
35715180	world-意大利-庞贝古城	200|image/jpeg	65983	https://images.pexels.com/photos/35715180/pexels-photo-35715180.jpeg?auto=compress&cs=tinysrgb&w=640
25368304	world-德国-新天鹅堡	200|image/jpeg	81421	https://images.pexels.com/photos/25368304/pexels-photo-25368304.jpeg?auto=compress&cs=tinysrgb&w=640
35134146	world-西班牙-圣家堂	200|image/jpeg	175024	https://images.pexels.com/photos/35134146/pexels-photo-35134146.jpeg?auto=compress&cs=tinysrgb&w=640
19642432	world-瑞士-马特洪峰	200|image/jpeg	56558	https://images.pexels.com/photos/19642432/pexels-photo-19642432.jpeg?auto=compress&cs=tinysrgb&w=640
38367964	world-瑞士-少女峰	200|image/jpeg	63950	https://images.pexels.com/photos/38367964/pexels-photo-38367964.jpeg?auto=compress&cs=tinysrgb&w=640
33586871	world-奥地利-哈尔施塔特	200|image/jpeg	104698	https://images.pexels.com/photos/33586871/pexels-photo-33586871.jpeg?auto=compress&cs=tinysrgb&w=640
38439017	world-希腊-雅典卫城	200|image/jpeg	58023	https://images.pexels.com/photos/38439017/pexels-photo-38439017.jpeg?auto=compress&cs=tinysrgb&w=640
33506945	world-希腊-圣托里尼	200|image/jpeg	75869	https://images.pexels.com/photos/33506945/pexels-photo-33506945.jpeg?auto=compress&cs=tinysrgb&w=640
39482001	world-俄罗斯-红场	200|image/jpeg	58420	https://images.pexels.com/photos/39482001/pexels-photo-39482001.jpeg?auto=compress&cs=tinysrgb&w=640
35861830	world-俄罗斯-冬宫	200|image/jpeg	119118	https://images.pexels.com/photos/35861830/pexels-photo-35861830.jpeg?auto=compress&cs=tinysrgb&w=640
34129983	world-俄罗斯-贝加尔湖	200|image/jpeg	107784	https://images.pexels.com/photos/34129983/pexels-photo-34129983.jpeg?auto=compress&cs=tinysrgb&w=640
38416365	world-捷克-布拉格城堡	200|image/jpeg	63225	https://images.pexels.com/photos/38416365/pexels-photo-38416365.jpeg?auto=compress&cs=tinysrgb&w=640
31878123	world-捷克-查理大桥	200|image/jpeg	48454	https://images.pexels.com/photos/31878123/pexels-photo-31878123.jpeg?auto=compress&cs=tinysrgb&w=640
4616317	world-丹麦-小美人鱼	200|image/jpeg	97941	https://images.pexels.com/photos/4616317/pexels-photo-4616317.jpeg?auto=compress&cs=tinysrgb&w=640
20955080	world-冰岛-蓝湖	200|image/jpeg	21129	https://images.pexels.com/photos/20955080/pexels-photo-20955080.jpeg?auto=compress&cs=tinysrgb&w=640
29580357	world-美国-自由女神像	200|image/jpeg	61198	https://images.pexels.com/photos/29580357/pexels-photo-29580357.jpeg?auto=compress&cs=tinysrgb&w=640
38207125	world-美国-大峡谷	200|image/jpeg	50641	https://images.pexels.com/photos/38207125/pexels-photo-38207125.jpeg?auto=compress&cs=tinysrgb&w=640
35076230	world-美国-金门大桥	200|image/jpeg	78623	https://images.pexels.com/photos/35076230/pexels-photo-35076230.jpeg?auto=compress&cs=tinysrgb&w=640
32270812	world-美国-白宫	200|image/jpeg	53272	https://images.pexels.com/photos/32270812/pexels-photo-32270812.jpeg?auto=compress&cs=tinysrgb&w=640
35613483	world-美国-黄石国家公园	200|image/jpeg	73442	https://images.pexels.com/photos/35613483/pexels-photo-35613483.jpeg?auto=compress&cs=tinysrgb&w=640
6075956	world-美国-尼亚加拉瀑布	200|image/jpeg	86322	https://images.pexels.com/photos/6075956/pexels-photo-6075956.jpeg?auto=compress&cs=tinysrgb&w=640
36033638	world-美国-拉什莫尔山	200|image/jpeg	57126	https://images.pexels.com/photos/36033638/pexels-photo-36033638.jpeg?auto=compress&cs=tinysrgb&w=640
36185626	world-加拿大-班夫国家公园	200|image/jpeg	48398	https://images.pexels.com/photos/36185626/pexels-photo-36185626.jpeg?auto=compress&cs=tinysrgb&w=640
